{"cameraMode":{"drawMode":0,"name":"Shaded","section":"Shading Mode"},"sceneLighting":true,"audioPlay":false,"sceneViewState":{"showFog":true,"showMaterialUpdate":false,"showSkybox":true,"showFlares":true,"showImageEffects":true,"showParticleSystems":true},"in2DMode":false,"pivot":{"x":5.16993522644043,"y":0.32188934087753298,"z":-2.279865264892578},"rotation":{"x":-0.05781431868672371,"y":0.9100729823112488,"z":-0.38725319504737856,"w":-0.13586819171905518},"size":7.168308258056641,"orthographic":false}